"idEmployee";"Last Name";"First Name";"SSN";"Pay Rate";"Pay Rates_idPay Rates";"Vacation Days";"Paid To Date";"Paid Last Year"
1;"Comins Baccas";"Elliot";594294066.0;"ApfEcEAT5HFuL8WeLjr4C9";87;33;50.0;79.0
2;"Kaubisch Catcheside";"Laraine";992824449.0;"pVyNcvLGUnX2S5y9guovOc";32;27;33.0;49.0
3;"Buxcy Grishenkov";"Burr";326796548.0;"V8eSe8ors9pfQ9OELFJpkH";83;8;39.0;1.0
4;"Emons Sumner";"Nicoli";890715218.0;"3EbOv5sVZfzplhXYlXNqRY";79;43;27.0;43.0
5;"Eate Rearie";"Greer";752448524.0;"fWLQ9OrCgGPeu1UexNfBkA";23;43;87.0;51.0
6;"Breens Jordison";"Marice";322722422.0;"7SJwyoo6LjslpNkswcV2xP";81;1;85.0;73.0
7;"Gottelier Jull";"Maryellen";382462884.0;"aybBMyFSyN2EhGO0K0Qh5R";100;43;73.0;43.0
8;"Lodge Murfill";"Onida";974248996.0;"HNXIaLwgbd0sBYaduIRInv";89;38;78.0;99.0
9;"Kerr Canby";"Nanice";246925236.0;"3Sdazs7VMVvFGgowbBiCsd";98;45;30.0;11.0
10;"Josupeit Houlison";"Syd";576695429.0;"acWn4NPkch7LUwXF41Yj9u";53;16;6.0;90.0
11;"Capes Swigg";"Raymund";802454530.0;"Rd5kzSG3fk2JK02z1pSKmx";26;22;68.0;61.0
12;"Havile Mariotte";"Salaidh";329263729.0;"BWyJXbRgEf5ccRAKyyRMkj";47;31;5.0;77.0
13;"Beardsley Lambrook";"Levin";751091621.0;"UqMBWLDXwTGGo4LlKCs0IE";27;26;95.0;25.0
14;"Beardsell Brooksbie";"Marketa";239471968.0;"C0WKW4AZW9bFSzIN9Mnbuw";52;28;49.0;20.0
15;"McConnal Paradis";"Paul";651194752.0;"uBGKxnrez7HdnXjQ7NL55M";63;34;63.0;29.0
16;"Wabersinke Struther";"Rhonda";360665859.0;"BBfwuiO76Vof6zGtDnGKNV";22;34;14.0;71.0
17;"Job Breit";"Levin";877129520.0;"8xg0zVftmdx1rMMJ0Zw1El";7;7;33.0;24.0
18;"Deerr Jewson";"Velma";951027077.0;"hq2tdr6AjuKKAOJc7KP0o8";57;22;78.0;20.0
19;"Growy Guitt";"Millisent";470123557.0;"xPjxIGY5t7JV7lYcfjsVB1";34;41;53.0;64.0
20;"Englishby Lerhinan";"Shalne";154726448.0;"4eQngjmDK4GvQg6r02rvmT";13;22;36.0;32.0
21;"Bloxholm Grigore";"Emalee";949102147.0;"REttHE8z8GfJiUPTuEsgiW";39;12;29.0;67.0
22;"MacGiolla Pheadair Poplee";"Emeline";174567240.0;"AjLERQ4b8KqtygeRDEficH";61;32;23.0;68.0
23;"Dohmer Bawdon";"Dael";395601544.0;"m0bwUBGHVK7oAuJFpIXaru";3;18;42.0;8.0
24;"Routh Bosanko";"Wald";858035721.0;"cHhrFBYreq3y6dpy3NbWA6";43;45;13.0;58.0
25;"Bracco Curnokk";"Thelma";356126848.0;"JQqOp9jV2avhBTrLnBCdll";40;19;23.0;99.0
26;"Copner Seabright";"Martina";309877603.0;"OxwzNJewbkIgRIXvfhOWPY";97;4;82.0;63.0
27;"Gimlet Botcherby";"Falito";101915291.0;"OY8eTQdbjgeni1n4zDcHkI";93;49;36.0;57.0
28;"O'Loughlin Francie";"Josselyn";269002550.0;"RldA98tRazP23u1Y7FntYw";14;44;95.0;5.0
29;"Vye Manna";"Ber";886199176.0;"8hccPYc2GbOdpyqPfmHI4P";50;19;77.0;4.0
30;"Ende Nickols";"Olenolin";721171926.0;"eWx1WwNY7WP1XOmBMRnEoN";49;25;84.0;98.0
31;"Godwin McFeat";"Elisabet";22609106.0;"YZjRs03TepQ3jhLq2VlLI7";85;4;33.0;66.0
32;"Winterflood Ashwin";"Godwin";165047049.0;"cx8ySJQheDXDDdvbbW4Gu7";65;43;9.0;3.0
33;"Crowcombe Joiner";"Loraine";168237814.0;"Vy4adCOeEITmt07JMJMj10";19;20;60.0;39.0
34;"Spillman Fortnam";"Davidson";365716999.0;"GzSrjzkIq8oL8dtSExoJsN";26;40;38.0;89.0
35;"MacManus O'Rudden";"Logan";638159057.0;"SNwRn8vYhh1LWMJSokRGqo";20;1;40.0;65.0
36;"Medcalf Connell";"Vittoria";352129148.0;"J9u9pNjaRsOZBxvZ80eCft";72;5;89.0;91.0
37;"Hayer McTerlagh";"Andonis";452640051.0;"HlZVOwlZYLddYSjSKAts1W";82;50;60.0;36.0
38;"Medler Boniface";"Karalee";231361007.0;"dlLa9l5IooFOF2PhR7rkVr";86;48;51.0;8.0
39;"Maccaddie Alyonov";"Francine";786365100.0;"Dvk7JrD0rziCXbeezQhZnq";90;11;9.0;12.0
40;"Lovett Lunney";"Carina";265507484.0;"Y7PT6TUaAYm3ZGWIMs2fOM";69;17;63.0;94.0
41;"Imlach Roubay";"Maribel";613101115.0;"psT0vO6KZvNn0kdv48XQ3g";34;22;12.0;90.0
42;"Skyrme Bauldry";"Roselia";316167872.0;"38R0MN0TQmKjSwT7PDZT0T";13;22;84.0;49.0
43;"Jacobowits Harsant";"Kata";603591757.0;"2r7hhJVWtoLhcO6j2KJv18";58;22;88.0;44.0
44;"Trays Rucklesse";"Mariejeanne";332408869.0;"jTJAEFH5RZ3Q3da7aEUyje";15;24;8.0;67.0
45;"Fulger Dockrell";"Adda";917416749.0;"dfhLHKodaKKUoRHjBYVqNy";57;3;1.0;17.0
46;"Maffucci Dallicoat";"Jenica";662478924.0;"dxCIG0ixkssasR4SqPwxl1";49;16;88.0;70.0
47;"Bockman MacKomb";"Vincenz";90760781.0;"csfJCh0Hk7JDlj6kQvnHcb";94;25;73.0;43.0
48;"Petrescu Dakin";"Sancho";4416767.0;"VVimuxQsotSNeKVGgEEbL2";83;43;27.0;69.0
49;"Sturgis Payley";"Codie";748548934.0;"sgPDrOdFsi2BoKkrQxtkLv";41;38;67.0;36.0
50;"Farquharson Radmer";"Roxine";201679969.0;"bZg9lIElnRW6iFQMSFzQr5";92;4;20.0;36.0
51;"Kennelly Gerkens";"Dario";471015572.0;"nzmHAK88U0CBoSPQ3qBgLr";81;41;39.0;55.0
52;"Eglington Skirlin";"Enrica";734176599.0;"pPZ99P4XQd71oRLaGb3oFV";32;31;2.0;54.0
53;"Farrell Warder";"Carolin";118882713.0;"ftAu26JfzXWAVvjkjUU21p";96;19;99.0;30.0
54;"Torbard Mattei";"Perry";150551045.0;"hzZJ6G9Rwp9qQ8adkFWDXi";5;35;93.0;62.0
55;"MacLeod Dooler";"Carie";74598497.0;"X8vzXGOA1500DC1UD1rorM";70;29;25.0;15.0
56;"Mouat MacGille";"Bethena";646032196.0;"3m5XRIgd9TEIDBjcYWgpTQ";59;27;31.0;82.0
57;"Kalinowsky Longman";"Rem";990418100.0;"JeeqeILCdpQFETNhnpAGlZ";12;33;4.0;76.0
58;"Bamell Demkowicz";"Mirabelle";664341478.0;"t3hUNqG9Y3X5GjwSd5bdii";53;36;43.0;28.0
59;"Kubasek Potebury";"Jewell";939100288.0;"1IjzTk5sjuTnsDAd8Ry4fb";11;45;12.0;85.0
60;"Videan Foxhall";"Kaila";467978388.0;"4w2mHFfr7Xn2FVtSLinjcT";14;42;56.0;55.0
61;"Clymo Megarrell";"Phebe";384572612.0;"isdqnyCpOFxbfgf1S9UeME";78;33;56.0;2.0
62;"Shelbourne Ivan";"Octavius";334514947.0;"6YTmzYlSms3wNfXBLGBtqw";47;38;84.0;88.0
63;"Zollner Roakes";"Igor";366121935.0;"cJZrgfVT57QxlFxYIieaVC";23;28;84.0;68.0
64;"Simonitto Dael";"Tobey";755655126.0;"KF8E3JEIs4rpyANuE5UHmL";64;33;99.0;63.0
65;"Kiggel Beade";"Ranice";781159481.0;"PqY84KSuFg42Uy3VRP1QCS";35;35;16.0;98.0
66;"Lomasny Dyer";"Reider";183423957.0;"0LF1jvaaiO6HGWs0sKyNph";7;20;94.0;50.0
67;"Triebner Mellmoth";"Deena";218823373.0;"guR1P4gmzZnrBI6DEBrc1o";5;24;12.0;71.0
68;"Castellino Rowbrey";"Lonny";802709732.0;"Y3IKgj8804RX7mq5PHUKbK";27;22;94.0;29.0
69;"Crotch Cline";"Dido";316208974.0;"O3w465WbqwOBMzftEx0QGn";6;38;79.0;14.0
70;"Mangham Le Surf";"Bruis";806643126.0;"RMFYjfqfJuaaiYdv7VE10I";38;46;7.0;7.0
71;"Izhakov Moff";"Ryann";431465920.0;"EgscvUmIGgOO8sNoEzH254";21;43;79.0;9.0
72;"L' Anglois Stapford";"Sargent";889614301.0;"fdLRKH5FfkDE1YJIWLpr5o";65;2;5.0;43.0
73;"Pavinese Orsi";"Malissia";204384871.0;"3gfaStnIkwzEX7TpuIUJqZ";45;25;81.0;20.0
74;"Ciardo Foulstone";"Barnabas";344520969.0;"OJEfY2GV9qhXR6xctVZaHs";98;11;35.0;34.0
75;"Kilgrove Gunther";"Kristine";920776043.0;"PI84UBKodXoWQ4jHCV6Rxu";25;6;53.0;66.0
76;"Januszkiewicz Worcester";"Jamesy";52691832.0;"J5ueTMiICFPW8SutMGUlnH";89;23;47.0;84.0
77;"Garvin Eam";"Salomo";835220028.0;"RP760NncEAKCy8mhMDyPYa";26;34;11.0;95.0
78;"Matveichev McCorkindale";"Nicholas";941109599.0;"GOx9NtUbcHIVso4nmuxBt5";85;1;13.0;46.0
79;"Clerk Oldfield-Cherry";"Huberto";535818048.0;"M43uRF7EPWgsVyNlvT8eGQ";44;42;82.0;95.0
80;"Aylesbury Hamley";"Mercy";339433595.0;"GDhjr3hqzmaDc5ZkQyCAqK";56;5;51.0;82.0
81;"Belfield Danbury";"Ancell";18681615.0;"cp9iXYt22T9pLPvtBiwk56";28;26;73.0;45.0
82;"Blase Edards";"Sunshine";737547208.0;"SQJCot7Fpf6potSHltoTpv";1;23;81.0;44.0
83;"Alenshev Kilpin";"Stesha";362523988.0;"Y62qNhmHGCLoPWP4Hngvu0";92;30;42.0;8.0
84;"Volet Redon";"Giles";855487946.0;"IRpFqARiC543PdAs7e8TLg";15;6;45.0;51.0
85;"Godsil Kilgallen";"Ysabel";92023624.0;"ycVcwX1pgaCCrySWTorYw3";100;24;63.0;41.0
86;"Clancy Varnes";"Luke";899200241.0;"uuJtw1gLGNEzARuGXFETWl";63;44;42.0;38.0
87;"Copelli Lamonby";"Elva";430373784.0;"0mkZNcjBr9tZaskjqO0VuG";47;37;9.0;43.0
88;"Winnister Chalfant";"Valenka";177556692.0;"vZ3dBLkGf1gV0jtbxfv77W";46;29;9.0;37.0
89;"Petegre Denacamp";"Chic";29361959.0;"67X8wWWAV8P3ZzD4kmSqwQ";72;37;39.0;46.0
90;"Cooling Skunes";"Curr";744376327.0;"zyX4cm4gkoFwnBIUrAtgmU";30;18;95.0;75.0
91;"Bulcroft Batalini";"Lisetta";594887500.0;"7eIhhU2o37sSgfrhCFcVON";2;48;40.0;44.0
92;"Paullin Vamplew";"Harrie";179656751.0;"x9w61TGqsgRcbowq2FnPF3";75;41;85.0;80.0
93;"Dendle Tapley";"Adrianne";115316308.0;"dliI7fKhwzRcfaTMUGDm49";24;19;46.0;77.0
94;"Bangham Moynihan";"Cammy";156221955.0;"3dRn3hlhROQlfXIjzegwy9";94;34;63.0;15.0
95;"Grombridge Frowde";"Austina";536318862.0;"RfjUMZmK0icgMQZ5vlJmiW";80;23;26.0;87.0
96;"Gauvin Jest";"Leontine";97510420.0;"qS4P900JJ3fsLr62yuJpmP";93;18;67.0;41.0
97;"Hearne Lavender";"Miriam";378449870.0;"iKoNQb0KOLoMF0uLB9lBzd";92;31;22.0;79.0
98;"Curteis Davidsohn";"Alie";836595594.0;"1mX9DCY9S2hKjDC4XP2GcR";21;3;59.0;61.0
99;"Middleweek Lyptrade";"Bekki";511506389.0;"rwjRkIIQKx7imVJjIqpXaV";81;3;23.0;78.0
100;"Kevern Hanlin";"Kary";15593638.0;"6f1Hz9dSVPi8sWNjNboWyz";19;9;14.0;5.0
101;"Pound Loughan";"Dennie";312829421.0;"m4kjio3v77up17pMM6U66k";26;7;85.0;16.0
102;"Brussell Livingston";"Jard";816608368.0;"88IXDVLYBIAIcZankW5g1K";9;37;77.0;95.0
103;"Kingerby Abernethy";"Delphinia";978201823.0;"7dgxS2DQNQhN2CayKxZyT3";18;4;24.0;57.0
104;"Swafield Husher";"Dionysus";708593618.0;"sffxTJtdFEZPjN9gDvWXCO";61;42;45.0;73.0
105;"Blasiak McNellis";"Alard";391047763.0;"3CKTZk8uAaZgcsA7RJORK8";3;23;80.0;18.0
106;"Reis Alster";"Winne";210152250.0;"NweZdjX1uoOPRxMpvYg7uM";48;24;32.0;20.0
107;"Walshaw Cripin";"Dannye";613692612.0;"lOtjUtIN6nTAd23XHc3a3u";4;2;17.0;25.0
108;"Connew Rudsdell";"Eldon";217692861.0;"LqWqSRBagwbCdyx92MHT1X";95;50;95.0;58.0
109;"Bulfoot McGahey";"Phillipp";809219411.0;"R19tHKYJVbAkIBFUOQ457C";65;20;2.0;48.0
110;"Gorrie Wadham";"Hollis";616745718.0;"K9bYicU3ZqKlRfgBKJBLSA";24;30;45.0;76.0
111;"Benditt McNeillie";"Dicky";488022771.0;"A6ktYGMFttGq4N5A7orUM4";5;28;5.0;13.0
112;"Goodey Gleadle";"Bethanne";77880611.0;"IXqD0sufo824h6KcErL0GW";32;50;96.0;85.0
113;"Whitehead Odam";"Shantee";54470679.0;"EHvod7uujF76bxcElW3F42";54;45;35.0;48.0
114;"Pinwell Gilhouley";"Ravi";802245716.0;"uPRTbPjEnlJBfdiqZrnuGV";28;50;21.0;58.0
115;"Yule Rearden";"Amy";672202712.0;"i7LIlkncFLxRZA61LuR52z";23;25;56.0;51.0
116;"Paunton Regus";"Tina";52796943.0;"3GT3miRjdG5vSWuv48kUoH";74;15;65.0;65.0
117;"Fishpoole Joseland";"Friederike";280711587.0;"w83dZdKjH5VTwCwrdYlBYz";1;2;2.0;34.0
118;"Maplethorpe Copo";"Miguelita";594828035.0;"7DQ8Z1jb9IUVSq2xQtvTNE";60;32;81.0;47.0
119;"Crichten Bloxam";"Marc";245387378.0;"Xe2rhX0YsRpYgPUgL5Hftm";98;33;55.0;54.0
120;"Madison Plowes";"Lyell";742191046.0;"K6S6xB7dD6hUYWqWv4yim0";85;26;28.0;20.0
121;"Brims Sorbey";"Chevalier";13687253.0;"ggVSncZyA4on5Bs3vjSBjP";34;17;14.0;7.0
122;"Sandham Chellenham";"Janice";731605949.0;"oYPPTWlAYwjGnitzrwHSNo";33;48;28.0;32.0
123;"Berrill Extal";"Nicol";883145560.0;"sqNhq0WqOh5HIljyB2gFLZ";46;15;42.0;83.0
124;"Raynes Compford";"Shelby";16437315.0;"WUmQwZi9EHnrsSrPV78Rq4";30;2;15.0;5.0
125;"Aird D'Onisi";"Dolly";407100996.0;"4RAKK9kjDrc6xtoikrdI3r";10;20;42.0;72.0
126;"Lavers Hasslocher";"Dimitry";717293163.0;"d77wh4mEj1yEiGvN7paA4O";55;10;90.0;1.0
127;"Buchett Fluck";"Paulita";552625896.0;"SmpXJ915vzmkbBzWspMW2G";21;38;19.0;42.0
128;"Rimbault Borles";"Janka";171184533.0;"PwNHnABBDTILKWJW6vztog";80;20;24.0;61.0
129;"Kumar Emmett";"Myles";205893498.0;"6OgtghHqCOHzD9CsHeDouq";4;22;74.0;95.0
130;"Mioni Ostick";"Marni";711516151.0;"zWSg6VEBin7iOx3MjLJIaQ";62;24;89.0;2.0
131;"Colquit Lowmass";"Ashley";126728481.0;"AW57tgLN4q1L7i2gh5LKio";13;24;72.0;34.0
132;"Outlaw Causier";"Jozef";294776792.0;"1NH8clRrIVgZbm2rfVnpWp";8;24;35.0;97.0
133;"Goodright Ormesher";"Clevie";55768519.0;"9OMuSbCD6OVVisn99GMlsN";32;40;85.0;74.0
134;"Looks Shadwick";"Kathlin";244618669.0;"alTKyBbN0ksXidfRbJ2oI3";36;39;99.0;85.0
135;"Hanes Minifie";"Lek";596390461.0;"0Jdqt48cx8qjY911TBAtrB";20;37;65.0;6.0
136;"Heyward Boosey";"Ingar";153947120.0;"9TByKwBXLtT3ZftOCbc00V";42;4;26.0;36.0
137;"Wanklin Kulis";"Flint";580292186.0;"CJxWok3xwdOvxXDEGHnlCl";70;29;62.0;87.0
138;"Goldingay Dilland";"Oona";530150.0;"ISKRnh50lBSPfAPigS0KG0";83;7;46.0;33.0
139;"Mains Binding";"Marlane";379624662.0;"dn5sd2kicuXLuYr3pmYQOl";91;31;4.0;18.0
140;"Klaassens Cregeen";"Gaultiero";654645035.0;"Czp6Gf2aZHRVhLjlNyKRXV";61;47;74.0;22.0
141;"Ghiraldi Brimilcombe";"Edyth";212242449.0;"RhOxFsY2OkGKEt3BunSDYK";11;41;7.0;48.0
142;"Nias Bibey";"Laetitia";66239506.0;"iNH2JL5q5RhlUpBCs5zpto";94;44;23.0;83.0
143;"Mahody Charpin";"Mia";697786535.0;"L4S7oYttKUAC8HWYA3NZ7p";50;45;1.0;57.0
144;"Ledward Dignall";"Garey";841243108.0;"31iZmCKP9TjtCNBqZGoaj3";64;47;39.0;92.0
145;"Gann Dyott";"Emanuel";602084187.0;"KNqT5RS4cMd5kmD1VvF6VQ";40;1;63.0;44.0
146;"Lindores Plummer";"Vergil";976118930.0;"lLrvoN3Fprpe0Tsle3N3Ya";34;35;78.0;75.0
147;"Leas Macbeth";"Wilbert";239226019.0;"Bkw1CvjBR9E4UsSdpWsSdn";68;39;42.0;67.0
148;"Jelley MacConnal";"Dusty";770531337.0;"hvYOlQFHgdDuJENLFGHezd";19;49;62.0;43.0
149;"Eassom Buchett";"Pris";95448806.0;"FjJjZX3XHoZydAt4eN6xgB";73;13;27.0;8.0
150;"Coldbath Smithe";"Kiele";606712899.0;"uc3W6vRw8bFxhyar2ITmWy";31;25;68.0;68.0
151;"Melbert Persich";"Melva";536170741.0;"oov7yq0kXiZeftu0KT9CyB";14;36;18.0;2.0
152;"Dronsfield Mizen";"Deloris";15245421.0;"JKAktiBkFzMkDFZYAnS3I2";49;4;29.0;59.0
153;"Dacca Wallsworth";"Mathian";493388045.0;"oRQwu37XH06wYTYxMVYSwd";72;6;8.0;17.0
154;"Serrier Faye";"Olympia";717326283.0;"YvhZPnb8SP1NnIRzkh9ZKb";85;44;94.0;61.0
155;"Nineham Berrigan";"Rickert";138052849.0;"wGzPK2tfWGlf2niMERsJpf";2;17;9.0;55.0
156;"Fleming Lazonby";"Hesther";103637805.0;"gRDGy0oy2TzJHhzXXIOlYm";96;42;43.0;21.0
157;"Sherburn Le Maitre";"Torr";851625728.0;"ch2xLUvzK2ufh86r34ttun";26;8;30.0;53.0
158;"Camamill Raftery";"Golda";184639002.0;"nDUo3orWl3vx7AmAirMZFA";94;10;96.0;78.0
159;"Otton MacNelly";"Jodi";252615140.0;"Bmv43GRtSaaIfonzD6utW9";72;23;82.0;88.0
160;"Blazewicz Frizzell";"Brynn";84481340.0;"k3VOJX2G65NqIUAmMXED2W";31;47;72.0;28.0
161;"Wadsworth Style";"Hamnet";473673586.0;"tyJUPZYS6dk1qlhtnJuss0";39;35;9.0;80.0
162;"Apfel Coltart";"Salvatore";974739738.0;"RCSLxVtPpb1ogELxzOn0El";34;31;71.0;37.0
163;"Durkin Britt";"Merlina";662283927.0;"OC0NLRmHbsp7UtJrlsJTTf";60;50;7.0;78.0
164;"Spenley Yoxall";"Yvon";531098622.0;"YFcYVmONSV4Bh4WVLg5TV5";85;37;64.0;56.0
165;"Buttery MacCall";"Tania";844228189.0;"DXcItWzGyip6XSZ6MB33KF";66;4;25.0;64.0
166;"Fishbie Linnett";"Leicester";637605164.0;"4aBWPIp6ihGLdAkroaoFWH";78;3;36.0;13.0
167;"Jacobsson Boyall";"Saba";197062176.0;"kzbnbJ3LTXhQbAEJyhIfNd";52;43;75.0;61.0
168;"Gloyens Cleynaert";"Holly";681841768.0;"whvPBEgWVmnUGPVHsKjKvK";88;3;86.0;64.0
169;"Courtois Gilloran";"Anatollo";237432256.0;"TZX8LBTLw05pwUjUDNEpQ9";86;38;40.0;70.0
170;"Sineath Ollive";"Gizela";222300690.0;"HkcoTzUuuKaZNRzo0MWuug";46;5;74.0;92.0
171;"Holsey Woolam";"Marleah";422574112.0;"HHcbpm7Ak5IzcyoDoDZmr0";10;39;68.0;88.0
172;"Meneghi Finnan";"Aylmar";324334380.0;"9Q5TO3OGLYaPRLMOUplxfp";2;27;63.0;46.0
173;"Fergyson Varcoe";"Mariejeanne";927080613.0;"nTz4m9ICziq7PWmbNahoaj";25;23;54.0;36.0
174;"Durbin Poulglais";"Molli";596440621.0;"EuJe4YjclVM6y84jvbtqjO";91;19;90.0;36.0
175;"Lillyman Seel";"Catherin";538204237.0;"1Nfe9jPyCWeIT65VGAk5lh";77;1;50.0;16.0
176;"Lavallin MacDearmaid";"Pierson";677905855.0;"LXxDNg0oU8HUZXlxtc0kBY";12;32;60.0;83.0
177;"Phebee Philo";"Meagan";652784609.0;"F8YGaAGxaW5vjvWCEwXPFX";75;38;94.0;51.0
178;"McGloughlin Jamison";"Faulkner";108891847.0;"P1mjkm6XEJF3uwJ3sNuC0O";83;23;66.0;13.0
179;"McConaghy Seedhouse";"Lezley";944887438.0;"7IMhb5CJDVuSXR0jUpT4IW";20;22;13.0;73.0
180;"Burle Eatherton";"Granger";131352000.0;"QDfv0APcN4uXzFyORVFREd";62;48;9.0;69.0
181;"Dietz Sawrey";"Susy";60081247.0;"6HzExXMszoCkKbmtQIKCYc";24;49;35.0;23.0
182;"MacNucator Meech";"Karina";839178012.0;"08jdavamJiCPRhE2xRfgID";11;46;76.0;20.0
183;"Dinan Laurisch";"Christy";936653390.0;"HdvQS4YMOR78QT7HCYyjIl";74;50;93.0;76.0
184;"Syalvester Herity";"Ladonna";270270826.0;"ldlGO7XF1wk6yR4BPA0K37";79;28;62.0;12.0
185;"Jerrems Ambroix";"Nate";544810015.0;"Jr3mceDJyUYsXsbwl0lCt3";41;1;71.0;95.0
186;"Herreros Mountjoy";"Ibby";936170446.0;"Sk0Ce0mh77FkcrcFO0vKTq";98;39;42.0;89.0
187;"Dwyr Peddar";"Christiana";507034313.0;"xyJEJPAWH1dBh83bzFDBkK";93;22;6.0;76.0
188;"Georgins Serjeant";"Damian";333309295.0;"SifOHO9vVmdr2zT6bUr12M";42;38;17.0;18.0
189;"Swire Iacobetto";"Carissa";652336112.0;"g2GSNGwfwZ1eYfnhvOQzPR";45;22;52.0;81.0
190;"Eingerfield Keune";"Kathie";531586062.0;"FeDBW9L9QZpyasXN8O0yRv";31;47;87.0;22.0
191;"Tether Leband";"Quinn";98775359.0;"W1Jgycts8ooje0wyvurDDI";17;9;5.0;59.0
192;"Sperry Neiland";"Sheilakathryn";755279572.0;"0CBASdA6I9Rj97m3ulV7PW";84;12;34.0;86.0
193;"Raddin Simoes";"Leontine";833508449.0;"ZVVITr2hqx6Vt800QzDWqs";80;43;73.0;20.0
194;"Simants de Mendoza";"Kaitlynn";117504026.0;"lEoTuGXsVntOF8EQVWRm4Q";32;28;82.0;16.0
195;"Johnston Riolfi";"Kate";564624563.0;"jNqW1ev0JVK4zTOkGqE6Vr";70;31;43.0;46.0
196;"Curwood Marti";"Kenna";397774883.0;"xJXnO4z9dfePaNT0GHQtWS";41;31;34.0;19.0
197;"Thiese felip";"Wes";330028294.0;"yLH038oqFgXdHikpQZChRf";91;9;54.0;49.0
198;"Albury Baylie";"Dennis";926025813.0;"01GmpKjRPpGpzTOLLryEEA";83;7;89.0;81.0
199;"Wilce Janzen";"Ofelia";164102413.0;"u9l1cf5Uey2POR3hYUKyDF";38;46;92.0;41.0
200;"Seden Harower";"Laureen";383449237.0;"MwTNWI6lf3uMpCTcgOhdMS";14;40;48.0;68.0
201;"Witcherley Ardley";"Faith";630084988.0;"tEZApcvgmDxd7IPZFempU6";23;48;31.0;66.0
202;"Caldera Surtees";"Vivyanne";675112999.0;"zDDXSgyJnc6d6el3CBcwyQ";26;37;94.0;43.0
203;"Wrankling Kingzett";"Rheba";874266092.0;"ih1wdQCGSZITVTzzSLNj6U";88;27;11.0;70.0
204;"Haccleton Weighell";"Lilah";390833657.0;"ua3M7z16zA1yxYuRFsHmnL";64;23;62.0;54.0
205;"Crebott Pargeter";"Stesha";727508288.0;"6OB5Od7ApBfCr38qZ7K4z0";4;19;90.0;32.0
206;"Brimley Doveston";"Wilmar";848097471.0;"PXMFQkEieDVlsbk4PsfXW8";35;29;54.0;98.0
207;"Sugar Pickard";"Averil";868703550.0;"qFj7bhnW2iWFs1gJKSbtNP";47;25;53.0;31.0
208;"Sweeny Hannant";"Seline";849553731.0;"b0W0rOIqz96PImwz1dZAVx";43;13;84.0;15.0
209;"Jephcott Rootes";"Lise";924562459.0;"kVy2YHyINXdeHoPjA3uZ9t";7;32;65.0;48.0
210;"Barreau Duligall";"Dedra";414074603.0;"06ptdaX3NPen4dvJNVV8cd";95;20;60.0;40.0
211;"Ayllett O' Hogan";"Linn";460177969.0;"msLYrL93Iys4pvAQafBqZ2";1;24;45.0;22.0
212;"Barczynski Clackson";"Alexi";494864927.0;"BvFoNpDZmmN990yWTDmA4j";40;42;18.0;95.0
213;"Barends Snasel";"Paulina";693045575.0;"uesTeBL9QjI4ieyAMsS2Q2";89;24;13.0;69.0
214;"Brane Stobbes";"Ursola";846428084.0;"wofi1cDuBzMNbSb0u22nRQ";90;40;98.0;14.0
215;"Millbank Mawditt";"Corbie";768657601.0;"SrYNI2ImRJOJ7IeNWP0tOl";53;30;80.0;91.0
216;"Cavee Winman";"Thibaud";661067808.0;"K7QhdlXvLEZ7OVD1h4nlGk";20;43;36.0;61.0
217;"Moakes Knapper";"Gay";696171978.0;"ZY3odB9RGYMrXCfDlyB86r";99;49;84.0;15.0
218;"McCrystal Sowood";"Adrien";672436274.0;"CTz6rwefiYT5ekQVrs7IKz";80;12;92.0;25.0
219;"Ingarfield Blindermann";"Avie";911794867.0;"jHKnaMZhKy2TIcJf347GQ9";86;35;3.0;82.0
220;"Summerton Reading";"Theodosia";95750221.0;"c1BnLv3hsdWKV3HtNKA1pn";36;16;20.0;77.0
221;"Soaper Eslemont";"Helenka";520044088.0;"yXJkekzXxIBQ5pcIqdHZjA";71;45;8.0;49.0
222;"Krout Segrott";"Myer";686602165.0;"IIQNs8UyVkrWlgR220omS0";32;16;35.0;74.0
223;"Adshad Jagels";"Corette";122979128.0;"55tok17aKhY3oDtLTUQzGS";62;21;63.0;9.0
224;"Mallord Scogin";"Evered";155938451.0;"NAOft60i6MN2iR7TBuNvWc";51;41;25.0;17.0
225;"Samsworth Rotge";"Gabi";266306444.0;"F55Gm7fO0fopzdmmZVa1d8";47;35;59.0;59.0
226;"Balassa Innes";"Ax";526502503.0;"8e5QXqXDB62VZZjQSNZvzb";21;37;78.0;32.0
227;"Jurgensen D'Avaux";"Eartha";89094527.0;"acnWJr910df1NUtdKoIBlZ";6;44;65.0;8.0
228;"Lippitt Duesbury";"Pepi";668796337.0;"4Vv3zPJXLuY79Xtgj86bSU";65;36;87.0;43.0
229;"Bunston Caistor";"Neale";680929108.0;"an6BEuett7i6TEGyvODf1R";88;8;72.0;71.0
230;"Carey Gravells";"Novelia";25971593.0;"dnw7U4uLsDDbuuhFx9UQ6F";72;24;68.0;20.0
231;"Eastgate Squibbs";"Amalia";378576676.0;"O7H7hYRfvb95qG5yDjtjwr";85;10;12.0;92.0
232;"Onraet Edy";"Karlik";545849250.0;"Aw8ZOqmEmaUKvBu0ECrEr5";77;27;92.0;44.0
233;"Jemmett Antrobus";"Ingemar";340996476.0;"EcpHUSu0mcF6jHtOeXbtTk";87;16;21.0;52.0
234;"Di Carlo Deverock";"Corey";963303296.0;"lJiLxabmPmqHRpEOxShQ1h";33;34;38.0;38.0
235;"Causbey Mulqueeny";"Bartholomeus";586352122.0;"8ZDpuky7r2JilliIv39reB";39;34;18.0;53.0
236;"Crimes Crewes";"Gilli";182625069.0;"5EDyBa8Fk2NBgJFLwRfm2o";42;14;55.0;96.0
237;"Plomer Lorand";"Kermy";424325881.0;"SsBWSWb8Vioq1ddA9SfhPt";34;40;18.0;93.0
238;"Pudner Donoghue";"Glen";206991776.0;"ueHhcfdqNj6f6ABcOkyngS";63;6;11.0;62.0
239;"Armfield Tharme";"Carola";105494468.0;"YSPBJjunMnHGymg1q4da0c";11;48;38.0;73.0
240;"Gallant Priddey";"Retha";557178586.0;"36p3dP5wgrWzMCR2LGmsmM";19;18;71.0;45.0
241;"Bargh Gullam";"Nancie";141509616.0;"RsX9RIE68cyWcKqmADrYqV";84;26;86.0;51.0
242;"Goldstone Gannan";"Derwin";283461825.0;"AXZWHWWxHpDrmd3o5WSquc";81;23;47.0;68.0
243;"Puddin Virr";"Maxine";658304488.0;"ufp3oLWqRW6GVw8aChwtcC";23;42;24.0;66.0
244;"O'Fergus Skinn";"Samantha";162806870.0;"myliSqpJfMsh4L2X4LEIej";35;4;79.0;76.0
245;"Tamburo Dallosso";"Guntar";604091364.0;"NO82lBfBEOiG25tpuDLB3U";50;15;59.0;44.0
246;"Masser Drysdall";"Brande";476159271.0;"iH84lCPwH4PKcyRJExPOV2";9;1;86.0;84.0
247;"Murrie Landrieu";"Carmela";608966993.0;"wAKTQlBPLSGTTyKGO9wVyo";25;16;46.0;10.0
248;"Lovejoy MacCrossan";"Hana";452835428.0;"HqkNffiNdgrjILkfqLYFWZ";29;44;20.0;37.0
249;"Massingberd Screeton";"Hilde";378028014.0;"fgbrFpvAroRiPWycg8ehrz";3;44;84.0;28.0
250;"Champerlen Curran";"Ludovico";161881745.0;"XtlBVdM3GBJ3w7hyZ5oE8z";38;45;56.0;16.0
251;"Densie Thickin";"Christoffer";487285706.0;"lN2vfiyVwGmoTRGazNks73";70;19;13.0;91.0
252;"Saylor Ellin";"Crystie";968934675.0;"tBl0gUyB2R042wwc3O4O4U";10;23;81.0;7.0
253;"Catley Cullrford";"Astrid";595976535.0;"LcY5ZgH0DV4KdzxKosp8CM";66;18;99.0;85.0
254;"Bellamy Wadley";"Chiarra";245881216.0;"OGmHKVnrSXPj76ajpPKN7b";62;16;35.0;19.0
255;"Haughan Longmuir";"Gardy";587087829.0;"qYSROl90QkrKmYo3S1lyFD";12;13;72.0;23.0
256;"Boardman Margetts";"Khalil";174705100.0;"W8Jkw76irFZOT1iiBsxady";33;28;59.0;25.0
257;"MacLeese Harmour";"Samuele";536004211.0;"v2p3Yu4GbHAmoMFfL2Doih";22;36;6.0;3.0
258;"Huntington Kornilyev";"Boycie";945617810.0;"ViQPlzyLpbeLdJqvbMiJ5a";48;3;18.0;38.0
259;"Bachellier Beavis";"Benny";339790514.0;"qPEoLIzh9keNzSxvA0K8XB";58;5;38.0;7.0
260;"Booty Villa";"Bamby";787046073.0;"dFdZjac2qVffTrT3f7bWL8";45;37;89.0;81.0
261;"Ben Fermer";"Baryram";121133739.0;"tIR9trcmlGT7HxkCuGhcsu";7;49;45.0;57.0
262;"Rittelmeyer Bentham";"Manolo";575499336.0;"o2rFNclx1vbNDBSEPbNIPe";63;43;83.0;93.0
263;"Bondley MacNally";"Dov";147516734.0;"pDwJOUn08aDZnqpKhSor2S";59;22;72.0;34.0
264;"Kytter Tedridge";"Teodoro";199822374.0;"7vhdyKAtvs1qN1pv9jR5Fk";79;17;91.0;39.0
265;"Adicot Jenne";"Antonina";65593274.0;"GzVkFcEQtDJUhuSaH0zbpT";75;10;40.0;16.0
266;"Grimes Tees";"Sharlene";955518410.0;"aDMMdk69nFTxgvrriGRPNZ";71;41;26.0;6.0
267;"Gecke Stivens";"Malinda";27918947.0;"ToOkoyNqvqrWWZlv2pQc8n";52;32;21.0;48.0
268;"Younger Krates";"Hillel";202187880.0;"6xYSEbEuXwOGRyOI3iXfJx";23;45;74.0;31.0
269;"O'Flynn Cockitt";"Dorie";404866643.0;"OYvkQ7BG1WcRa57SshdtWn";25;1;26.0;51.0
270;"Rishman Gethin";"Joellen";73620273.0;"WgL2mgVseP1JiHCTcKkxq3";96;50;71.0;3.0
271;"Pether Yell";"Fonzie";695719546.0;"5NttAaHsJPJtp3pMrpx9es";47;28;61.0;31.0
272;"Aireton Pollastro";"Risa";501079877.0;"5IeEijYZI1DlfZhRUCZLAG";28;34;89.0;27.0
273;"Hardy-Piggin Kembry";"Rickard";113085171.0;"6iZjIhZh8mL5smu9P6WFqI";19;48;46.0;47.0
274;"Ketch Swinden";"Ettore";260733447.0;"bUsp9GtAEc6xpoyPQNaElJ";94;7;92.0;81.0
275;"Etter McManus";"Denyse";855248650.0;"2CVka3LPVEGc1atvpmKI0v";21;24;51.0;82.0
276;"Chaimson Gillise";"Charo";447728756.0;"dhVUxxXp0jVVMhs1nVHySf";60;32;74.0;55.0
277;"Wallbanks Beazey";"Karlens";503518294.0;"9lePiULlxZPgLEvPIdKlD1";36;45;98.0;68.0
278;"Scirman Pidgley";"Courtney";373590067.0;"KKRbu3iQC67IPxBwtWHQva";65;38;13.0;52.0
279;"Calyton Reynard";"Clevey";334360813.0;"rE0n3nqNrbJjeO0XAxa75g";95;36;67.0;58.0
280;"Conklin Malin";"Heddi";152160401.0;"8eIB07pvW5uqA3ntxDfHQn";31;6;85.0;45.0
281;"Burgwin Diglin";"Augy";451328866.0;"PHp4X4GNvpUhA3c0oQQC2k";55;22;8.0;63.0
282;"Budden Klimkov";"Idelle";839344223.0;"ZttxPmutJSOlG75zDmj8nz";37;43;81.0;39.0
283;"Regler Valois";"Bron";141811443.0;"TgQY5UaE73utJTff74vxhG";8;7;28.0;80.0
284;"Burfield Iveson";"Ingra";928470030.0;"LwBJaUKalAkcjSEjxthirP";2;29;78.0;12.0
285;"Thurbon Sadler";"Cristiano";611797780.0;"VUIeraJG4gMaUc2id9n4BV";40;16;32.0;40.0
286;"Borgesio Necrews";"Parker";361803137.0;"WjE6iD3DwQryhYplVy6r8W";68;39;2.0;22.0
287;"Jeannot Blanning";"Franni";345727899.0;"KIXWr806UelUZru1aODTn3";56;13;31.0;24.0
288;"Mundy Cosslett";"Jervis";18403113.0;"DX8GWF6llpjCTnS3sth9x0";19;14;22.0;55.0
289;"Deabill Dugall";"Elianore";510438292.0;"38ip2kv9vmNYmQJeDqlPRX";83;25;42.0;68.0
290;"Massie Semiras";"Miller";728789203.0;"53yuhVQ9ZuEb8TpU0ICa5J";76;1;25.0;18.0
291;"Choffin MacAlpine";"Alleyn";599205320.0;"kcEZEGjHTZ2mZbOXzwmAYO";74;13;62.0;32.0
292;"Lindgren Meran";"Odille";851513886.0;"pLsreRjhjBzDauY06u6fPu";100;44;83.0;72.0
293;"Cohane Burbridge";"Natalie";969527714.0;"smsOsD6rJBU6wBvCDTrxnl";88;42;8.0;43.0
294;"Nyland Oleksiak";"Nigel";565554489.0;"1z7Hh9yRmGeZFH1MY3b5Nk";57;20;63.0;84.0
295;"Dehn Laurenty";"Carson";924355233.0;"kUB6k17VxvqXjK0TMUOlHo";49;46;1.0;75.0
296;"Crebott McLewd";"Waverley";723203798.0;"o2OlydKSjDXeP38b5CNIaW";42;1;76.0;98.0
297;"Hunnybun Burton";"Jervis";492126312.0;"WdcwcdC4v8gqDOs4kywViE";65;41;85.0;46.0
298;"Sawood Lambrook";"Cosette";689730128.0;"blIpZvbWFyzg8X0xxqah5Y";95;20;93.0;1.0
299;"Van Lockett";"Quinlan";442199969.0;"eL9QHf4ZVb0gdGaxVo8vux";97;44;18.0;17.0
300;"Zuenelli Guillem";"Huey";283928473.0;"SEnJxYo4tSScXNoXAXCn4v";71;8;87.0;26.0
